TimeStamp,Treatment,Replicate,Observer(s),PlantHeight,StemDiameter,LeafArea,LeafNumber,LeafColour,WaterStress,HealthStatus,LeafBlistering,Notes
2024-05-04,B100,1,Victor Hugo Rivero Muñiz,2.9,0.16,6.3,30,,No,Good,No,
2024-05-04,B100,2,Victor Hugo Rivero Muñiz,3,0.17,6.11,30,,No,Good,No,
2024-05-04,B100,3,Victor Hugo Rivero Muñiz,3.1,0.16,6.27,30,,No,Good,No,
2024-05-04,B100,4,Victor Hugo Rivero Muñiz,3.4,0.16,8.4,30,,No,Good,No,
2024-05-04,B100,5,Victor Hugo Rivero Muñiz,2.7,0.16,6.8,30,,No,Good,No,
2024-05-04,B100,6,Victor Hugo Rivero Muñiz,2.5,0.16,3.84,30,,No,Good,No,
2024-05-04,B100,7,Victor Hugo Rivero Muñiz,3.3,0.16,5.58,30,,No,Good,No,
2024-05-04,B100,8,Victor Hugo Rivero Muñiz,3.7,0.16,7.4,30,,No,Good,No,
2024-05-04,B80,1,Victor Hugo Rivero Muñiz,2.9,0.16,5.85,30,,No,Good,No,
2024-05-04,B80,2,Victor Hugo Rivero Muñiz,3.5,0.16,6.82,30,,No,Good,No,
2024-05-04,B80,3,Victor Hugo Rivero Muñiz,3.05,0.14,6.65,30,,No,Good,No,
2024-05-04,B80,4,Victor Hugo Rivero Muñiz,3.5,0.16,5.27,30,,No,Good,No,
2024-05-04,B80,5,Victor Hugo Rivero Muñiz,3.1,0.16,5.78,30,,No,Good,No,
2024-05-04,B80,6,Victor Hugo Rivero Muñiz,3.1,0.17,4.32,30,,No,Good,No,
2024-05-04,B80,7,Victor Hugo Rivero Muñiz,2.7,0.16,4.62,30,,No,Good,No,
2024-05-04,B80,8,Victor Hugo Rivero Muñiz,2.9,0.13,6.27,30,,No,Good,No,
2024-05-04,C100,1,Victor Hugo Rivero Muñiz,3.35,0.15,6.24,30,,No,Good,No,
2024-05-04,C100,2,Victor Hugo Rivero Muñiz,3,0.16,5.94,30,,No,Good,No,
2024-05-04,C100,3,Victor Hugo Rivero Muñiz,3.35,0.16,6.93,30,,No,Good,No,
2024-05-04,C100,4,Victor Hugo Rivero Muñiz,2.73,0.16,5.44,30,,No,Good,No,
2024-05-04,C100,5,Victor Hugo Rivero Muñiz,3.5,0.16,5.1,30,,No,Good,No,
2024-05-04,C100,6,Victor Hugo Rivero Muñiz,3.5,0.16,7.14,30,,No,Good,No,
2024-05-04,C100,7,Victor Hugo Rivero Muñiz,3.5,0.16,6.83,30,,No,Good,No,
2024-05-04,C100,8,Victor Hugo Rivero Muñiz,2.75,0.16,7,30,,No,Good,No,
2024-05-04,C80,1,Victor Hugo Rivero Muñiz,3.76,0.14,6.12,30,,No,Good,No,
2024-05-04,C80,2,Victor Hugo Rivero Muñiz,3.4,0.16,8.4,30,,No,Good,No,
2024-05-04,C80,3,Victor Hugo Rivero Muñiz,3.6,0.16,6.46,30,,No,Good,No,
2024-05-04,C80,4,Victor Hugo Rivero Muñiz,3.1,0.16,6.8,30,,No,Good,No,
2024-05-04,C80,5,Victor Hugo Rivero Muñiz,2.7,0.16,6,30,,No,Good,No,
2024-05-04,C80,6,Victor Hugo Rivero Muñiz,2.9,0.16,5.99,30,,No,Good,No,
2024-05-04,C80,7,Victor Hugo Rivero Muñiz,3.1,0.16,6,30,,No,Good,No,
2024-05-04,C80,8,Victor Hugo Rivero Muñiz,3.7,0.16,5.7,30,,No,Good,No,
2024-05-04,Control,1,Victor Hugo Rivero Muñiz,2.95,0.14,4,30,,No,Good,No,
2024-05-04,Control,2,Victor Hugo Rivero Muñiz,3.25,0.16,5.98,30,,No,Good,No,
2024-05-04,Control,3,Victor Hugo Rivero Muñiz,2.82,0.22,5.66,30,,No,Good,No,
2024-05-04,Control,4,Victor Hugo Rivero Muñiz,2.94,0.16,4.99,30,,No,Good,No,
2024-05-04,Control,5,Victor Hugo Rivero Muñiz,3.04,0.16,4.62,30,,No,Good,No,
2024-05-04,Control,6,Victor Hugo Rivero Muñiz,3.46,0.18,7.56,30,,No,Good,No,
2024-05-04,Control,7,Victor Hugo Rivero Muñiz,3.3,0.16,4.75,30,,No,Good,No,
2024-05-04,Control,8,Victor Hugo Rivero Muñiz,3.2,0.16,5.49,30,,No,Good,No,
2024-05-05,B100,1,Victor Hugo Rivero Muñiz,,,,,,No,,,
2024-05-05,B100,2,Victor Hugo Rivero Muñiz,,,,,,No,,,
2024-05-05,B100,3,Victor Hugo Rivero Muñiz,,,,,,No,,,
2024-05-05,B100,4,Victor Hugo Rivero Muñiz,,,,,,No,,,
2024-05-05,B100,5,Victor Hugo Rivero Muñiz,,,,,,No,,,
2024-05-05,B100,6,Victor Hugo Rivero Muñiz,,,,,,No,,,
2024-05-05,B100,7,Victor Hugo Rivero Muñiz,,,,,,No,,,
2024-05-05,B100,8,Victor Hugo Rivero Muñiz,,,,,,No,,,
2024-05-05,B80,1,Victor Hugo Rivero Muñiz,,,,,,No,,,
2024-05-05,B80,2,Victor Hugo Rivero Muñiz,,,,,,No,,,
2024-05-05,B80,3,Victor Hugo Rivero Muñiz,,,,,,No,,,
2024-05-05,B80,4,Victor Hugo Rivero Muñiz,,,,,,No,,,
2024-05-05,B80,5,Victor Hugo Rivero Muñiz,,,,,,No,,,
2024-05-05,B80,6,Victor Hugo Rivero Muñiz,,,,,,No,,,
2024-05-05,B80,7,Victor Hugo Rivero Muñiz,,,,,,No,,,
2024-05-05,B80,8,Victor Hugo Rivero Muñiz,,,,,,No,,,
2024-05-05,C100,1,Victor Hugo Rivero Muñiz,,,,,,No,,,
2024-05-05,C100,2,Victor Hugo Rivero Muñiz,,,,,,No,,,
2024-05-05,C100,3,Victor Hugo Rivero Muñiz,,,,,,No,,,
2024-05-05,C100,4,Victor Hugo Rivero Muñiz,,,,,,No,,,
2024-05-05,C100,5,Victor Hugo Rivero Muñiz,,,,,,No,,,
2024-05-05,C100,6,Victor Hugo Rivero Muñiz,,,,,,No,,,
2024-05-05,C100,7,Victor Hugo Rivero Muñiz,,,,,,No,,,
2024-05-05,C100,8,Victor Hugo Rivero Muñiz,,,,,,No,,,
2024-05-05,C80,1,Victor Hugo Rivero Muñiz,,,,,,No,,,
2024-05-05,C80,2,Victor Hugo Rivero Muñiz,,,,,,No,,,
2024-05-05,C80,3,Victor Hugo Rivero Muñiz,,,,,,No,,,
2024-05-05,C80,4,Victor Hugo Rivero Muñiz,,,,,,No,,,
2024-05-05,C80,5,Victor Hugo Rivero Muñiz,,,,,,No,,,
2024-05-05,C80,6,Victor Hugo Rivero Muñiz,,,,,,No,,,
2024-05-05,C80,7,Victor Hugo Rivero Muñiz,,,,,,No,,,
2024-05-05,C80,8,Victor Hugo Rivero Muñiz,,,,,,No,,,
2024-05-05,Control,1,Victor Hugo Rivero Muñiz,,,,,,No,,,
2024-05-05,Control,2,Victor Hugo Rivero Muñiz,,,,,,No,,,
2024-05-05,Control,3,Victor Hugo Rivero Muñiz,,,,,,No,,,
2024-05-05,Control,4,Victor Hugo Rivero Muñiz,,,,,,No,,,
2024-05-05,Control,5,Victor Hugo Rivero Muñiz,,,,,,No,,,
2024-05-05,Control,6,Victor Hugo Rivero Muñiz,,,,,,No,,,
2024-05-05,Control,7,Victor Hugo Rivero Muñiz,,,,,,No,,,
2024-05-05,Control,8,Victor Hugo Rivero Muñiz,,,,,,No,,,
2024-05-06,B100,1,Victor Hugo Rivero Muñiz,,,,,,No,,,
2024-05-06,B100,2,Victor Hugo Rivero Muñiz,,,,,,No,,,
2024-05-06,B100,3,Victor Hugo Rivero Muñiz,,,,,,No,,,
2024-05-06,B100,4,Victor Hugo Rivero Muñiz,,,,,,No,,,
2024-05-06,B100,5,Victor Hugo Rivero Muñiz,,,,,,No,,,
2024-05-06,B100,6,Victor Hugo Rivero Muñiz,,,,,,No,,,
2024-05-06,B100,7,Victor Hugo Rivero Muñiz,,,,,,No,,,
2024-05-06,B100,8,Victor Hugo Rivero Muñiz,,,,,,No,,,
2024-05-06,B80,1,Victor Hugo Rivero Muñiz,,,,,,No,,,
2024-05-06,B80,2,Victor Hugo Rivero Muñiz,,,,,,No,,,
2024-05-06,B80,3,Victor Hugo Rivero Muñiz,,,,,,No,,,
2024-05-06,B80,4,Victor Hugo Rivero Muñiz,,,,,,No,,,
2024-05-06,B80,5,Victor Hugo Rivero Muñiz,,,,,,No,,,
2024-05-06,B80,6,Victor Hugo Rivero Muñiz,,,,,,No,,,
2024-05-06,B80,7,Victor Hugo Rivero Muñiz,,,,,,No,,,
2024-05-06,B80,8,Victor Hugo Rivero Muñiz,,,,,,No,,,
2024-05-06,C100,1,Victor Hugo Rivero Muñiz,,,,,,No,,,
2024-05-06,C100,2,Victor Hugo Rivero Muñiz,,,,,,No,,,
2024-05-06,C100,3,Victor Hugo Rivero Muñiz,,,,,,No,,,
2024-05-06,C100,4,Victor Hugo Rivero Muñiz,,,,,,No,,,
2024-05-06,C100,5,Victor Hugo Rivero Muñiz,,,,,,No,,,
2024-05-06,C100,6,Victor Hugo Rivero Muñiz,,,,,,No,,,
2024-05-06,C100,7,Victor Hugo Rivero Muñiz,,,,,,No,,,
2024-05-06,C100,8,Victor Hugo Rivero Muñiz,,,,,,No,,,
2024-05-06,C80,1,Victor Hugo Rivero Muñiz,,,,,,No,,,
2024-05-06,C80,2,Victor Hugo Rivero Muñiz,,,,,,No,,,
2024-05-06,C80,3,Victor Hugo Rivero Muñiz,,,,,,No,,,
2024-05-06,C80,4,Victor Hugo Rivero Muñiz,,,,,,No,,,
2024-05-06,C80,5,Victor Hugo Rivero Muñiz,,,,,,No,,,
2024-05-06,C80,6,Victor Hugo Rivero Muñiz,,,,,,No,,,
2024-05-06,C80,7,Victor Hugo Rivero Muñiz,,,,,,No,,,
2024-05-06,C80,8,Victor Hugo Rivero Muñiz,,,,,,No,,,
2024-05-06,Control,1,Victor Hugo Rivero Muñiz,,,,,,No,,,
2024-05-06,Control,2,Victor Hugo Rivero Muñiz,,,,,,No,,,
2024-05-06,Control,3,Victor Hugo Rivero Muñiz,,,,,,No,,,
2024-05-06,Control,4,Victor Hugo Rivero Muñiz,,,,,,No,,,
2024-05-06,Control,5,Victor Hugo Rivero Muñiz,,,,,,No,,,
2024-05-06,Control,6,Victor Hugo Rivero Muñiz,,,,,,No,,,
2024-05-06,Control,7,Victor Hugo Rivero Muñiz,,,,,,No,,,
2024-05-06,Control,8,Victor Hugo Rivero Muñiz,,,,,,No,,,
2024-05-07,B100,1,Victor Hugo Rivero Muñiz,,,,,,No,,,
2024-05-07,B100,2,Victor Hugo Rivero Muñiz,,,,,,No,,,
2024-05-07,B100,3,Victor Hugo Rivero Muñiz,,,,,,No,,,
2024-05-07,B100,4,Victor Hugo Rivero Muñiz,,,,,,No,,,
2024-05-07,B100,5,Victor Hugo Rivero Muñiz,,,,,,No,,,
2024-05-07,B100,6,Victor Hugo Rivero Muñiz,,,,,,No,,,
2024-05-07,B100,7,Victor Hugo Rivero Muñiz,,,,,,No,,,
2024-05-07,B100,8,Victor Hugo Rivero Muñiz,,,,,,No,,,
2024-05-07,B80,1,Victor Hugo Rivero Muñiz,,,,,,No,,,
2024-05-07,B80,2,Victor Hugo Rivero Muñiz,,,,,,No,,,
2024-05-07,B80,3,Victor Hugo Rivero Muñiz,,,,,,No,,,
2024-05-07,B80,4,Victor Hugo Rivero Muñiz,,,,,,No,,,
2024-05-07,B80,5,Victor Hugo Rivero Muñiz,,,,,,No,,,
2024-05-07,B80,6,Victor Hugo Rivero Muñiz,,,,,,No,,,
2024-05-07,B80,7,Victor Hugo Rivero Muñiz,,,,,,No,,,
2024-05-07,B80,8,Victor Hugo Rivero Muñiz,,,,,,No,,,
2024-05-07,C100,1,Victor Hugo Rivero Muñiz,,,,,,No,,,
2024-05-07,C100,2,Victor Hugo Rivero Muñiz,,,,,,No,,,
2024-05-07,C100,3,Victor Hugo Rivero Muñiz,,,,,,No,,,
2024-05-07,C100,4,Victor Hugo Rivero Muñiz,,,,,,No,,,
2024-05-07,C100,5,Victor Hugo Rivero Muñiz,,,,,,No,,,
2024-05-07,C100,6,Victor Hugo Rivero Muñiz,,,,,,No,,,
2024-05-07,C100,7,Victor Hugo Rivero Muñiz,,,,,,No,,,
2024-05-07,C100,8,Victor Hugo Rivero Muñiz,,,,,,No,,,
2024-05-07,C80,1,Victor Hugo Rivero Muñiz,,,,,,No,,,
2024-05-07,C80,2,Victor Hugo Rivero Muñiz,,,,,,No,,,
2024-05-07,C80,3,Victor Hugo Rivero Muñiz,,,,,,No,,,
2024-05-07,C80,4,Victor Hugo Rivero Muñiz,,,,,,No,,,
2024-05-07,C80,5,Victor Hugo Rivero Muñiz,,,,,,No,,,
2024-05-07,C80,6,Victor Hugo Rivero Muñiz,,,,,,No,,,
2024-05-07,C80,7,Victor Hugo Rivero Muñiz,,,,,,No,,,
2024-05-07,C80,8,Victor Hugo Rivero Muñiz,,,,,,No,,,
2024-05-07,Control,1,Victor Hugo Rivero Muñiz,,,,,,No,,,
2024-05-07,Control,2,Victor Hugo Rivero Muñiz,,,,,,No,,,
2024-05-07,Control,3,Victor Hugo Rivero Muñiz,,,,,,No,,,
2024-05-07,Control,4,Victor Hugo Rivero Muñiz,,,,,,No,,,
2024-05-07,Control,5,Victor Hugo Rivero Muñiz,,,,,,No,,,
2024-05-07,Control,6,Victor Hugo Rivero Muñiz,,,,,,No,,,
2024-05-07,Control,7,Victor Hugo Rivero Muñiz,,,,,,No,,,
2024-05-07,Control,8,Victor Hugo Rivero Muñiz,,,,,,No,,,
2024-05-08,B100,1,Victor Hugo Rivero Muñiz,,,,,,No,,,
2024-05-08,B100,2,Victor Hugo Rivero Muñiz,,,,,,No,,,
2024-05-08,B100,3,Victor Hugo Rivero Muñiz,,,,,,No,,,
2024-05-08,B100,4,Victor Hugo Rivero Muñiz,,,,,,No,,,
2024-05-08,B100,5,Victor Hugo Rivero Muñiz,,,,,,No,,,
2024-05-08,B100,6,Victor Hugo Rivero Muñiz,,,,,,No,,,
2024-05-08,B100,7,Victor Hugo Rivero Muñiz,,,,,,No,,,
2024-05-08,B100,8,Victor Hugo Rivero Muñiz,,,,,,No,,,
2024-05-08,B80,1,Victor Hugo Rivero Muñiz,,,,,,No,,,
2024-05-08,B80,2,Victor Hugo Rivero Muñiz,,,,,,No,,,
2024-05-08,B80,3,Victor Hugo Rivero Muñiz,,,,,,No,,,
2024-05-08,B80,4,Victor Hugo Rivero Muñiz,,,,,,No,,,
2024-05-08,B80,5,Victor Hugo Rivero Muñiz,,,,,,No,,,
2024-05-08,B80,6,Victor Hugo Rivero Muñiz,,,,,,No,,,
2024-05-08,B80,7,Victor Hugo Rivero Muñiz,,,,,,No,,,
2024-05-08,B80,8,Victor Hugo Rivero Muñiz,,,,,,No,,,
2024-05-08,C100,1,Victor Hugo Rivero Muñiz,,,,,,No,,,
2024-05-08,C100,2,Victor Hugo Rivero Muñiz,,,,,,No,,,
2024-05-08,C100,3,Victor Hugo Rivero Muñiz,,,,,,No,,,
2024-05-08,C100,4,Victor Hugo Rivero Muñiz,,,,,,No,,,
2024-05-08,C100,5,Victor Hugo Rivero Muñiz,,,,,,No,,,
2024-05-08,C100,6,Victor Hugo Rivero Muñiz,,,,,,No,,,
2024-05-08,C100,7,Victor Hugo Rivero Muñiz,,,,,,No,,,
2024-05-08,C100,8,Victor Hugo Rivero Muñiz,,,,,,No,,,
2024-05-08,C80,1,Victor Hugo Rivero Muñiz,,,,,,No,,,
2024-05-08,C80,2,Victor Hugo Rivero Muñiz,,,,,,No,,,
2024-05-08,C80,3,Victor Hugo Rivero Muñiz,,,,,,No,,,
2024-05-08,C80,4,Victor Hugo Rivero Muñiz,,,,,,No,,,
2024-05-08,C80,5,Victor Hugo Rivero Muñiz,,,,,,No,,,
2024-05-08,C80,6,Victor Hugo Rivero Muñiz,,,,,,No,,,
2024-05-08,C80,7,Victor Hugo Rivero Muñiz,,,,,,No,,,
2024-05-08,C80,8,Victor Hugo Rivero Muñiz,,,,,,No,,,
2024-05-08,Control,1,Victor Hugo Rivero Muñiz,,,,,,No,,,
2024-05-08,Control,2,Victor Hugo Rivero Muñiz,,,,,,No,,,
2024-05-08,Control,3,Victor Hugo Rivero Muñiz,,,,,,No,,,
2024-05-08,Control,4,Victor Hugo Rivero Muñiz,,,,,,No,,,
2024-05-08,Control,5,Victor Hugo Rivero Muñiz,,,,,,No,,,
2024-05-08,Control,6,Victor Hugo Rivero Muñiz,,,,,,No,,,
2024-05-08,Control,7,Victor Hugo Rivero Muñiz,,,,,,No,,,
2024-05-08,Control,8,Victor Hugo Rivero Muñiz,,,,,,No,,,
2024-05-09,B100,1,Victor Hugo Rivero Muñiz,6.44,0.17,12.34,50,a9d663,No,Good,No,
2024-05-09,B100,2,Victor Hugo Rivero Muñiz,6.57,0.15,10.29,56,a9d951,No,Good,No,
2024-05-09,B100,3,Victor Hugo Rivero Muñiz,6.39,0.15,11.83,54,85c28a,No,Good,No,
2024-05-09,B100,4,Victor Hugo Rivero Muñiz,5.69,0.19,17.12,50,91c059,No,Good,No,
2024-05-09,B100,5,Victor Hugo Rivero Muñiz,5.3,0.16,17.61,46,acd95e,No,Good,No,
2024-05-09,B100,6,Victor Hugo Rivero Muñiz,7.5,0.15,11.28,52,89b873,No,Good,No,
2024-05-09,B100,7,Victor Hugo Rivero Muñiz,7.39,0.18,11.46,52,94c270,No,Good,No,
2024-05-09,B100,8,Victor Hugo Rivero Muñiz,6.46,0.17,12.53,60,a1cd74,No,Good,No,
2024-05-09,B80,1,Victor Hugo Rivero Muñiz,5.5,0.17,12.6,36,94c60,No,Good,No,
2024-05-09,B80,2,Victor Hugo Rivero Muñiz,6.2,0.16,18.9,40,7dad3d,No,Good,No,
2024-05-09,B80,3,Victor Hugo Rivero Muñiz,5.4,0.18,11.73,44,abe079,No,Good,No,
2024-05-09,B80,4,Victor Hugo Rivero Muñiz,6.5,0.18,12.88,50,9fcf5c,No,Good,No,
2024-05-09,B80,5,Victor Hugo Rivero Muñiz,6.5,0.17,15.39,58,bae67e,No,Good,No,
2024-05-09,B80,6,Victor Hugo Rivero Muñiz,5.2,0.16,11.75,50,bfe680,No,Good,No,
2024-05-09,B80,7,Victor Hugo Rivero Muñiz,5.1,0.17,13.16,54,75AD70,No,Good,No,
2024-05-09,B80,8,Victor Hugo Rivero Muñiz,6.6,0.16,12.69,48,87A928,No,Good,No,
2024-05-09,C100,1,Victor Hugo Rivero Muñiz,6.7,0.2,16.5,54,759D53,No,Good,No,
2024-05-09,C100,2,Victor Hugo Rivero Muñiz,7.4,0.18,18.56,56,9AC961,No,Good,No,
2024-05-09,C100,3,Victor Hugo Rivero Muñiz,6.5,0.2,17.82,54,6A955D,No,Good,No,
2024-05-09,C100,4,Victor Hugo Rivero Muñiz,6.3,0.18,11.88,48,A4CC68,No,Good,No,
2024-05-09,C100,5,Victor Hugo Rivero Muñiz,6.55,0.15,11.28,56,CAE68E,No,Good,No,
2024-05-09,C100,6,Victor Hugo Rivero Muñiz,6.3,0.18,15.55,58,729D42,No,Good,No,
2024-05-09,C100,7,Victor Hugo Rivero Muñiz,7.29,0.19,15.3,60,a3c74a,No,Good,No,
2024-05-09,C100,8,Victor Hugo Rivero Muñiz,6,0.19,18.02,50,afdd8d,No,Good,No,
2024-05-09,C80,1,Victor Hugo Rivero Muñiz,6.65,0.17,10.95,52,71b56f,No,Good,No,
2024-05-09,C80,2,Victor Hugo Rivero Muñiz,6.26,0.21,14.4,54,9fd66d,No,Good,No,
2024-05-09,C80,3,Victor Hugo Rivero Muñiz,7.62,0.14,16.79,60,79b04e,No,Good,No,
2024-05-09,C80,4,Victor Hugo Rivero Muñiz,4.96,0.15,13.82,52,a8dd32,No,Good,No,
2024-05-09,C80,5,Victor Hugo Rivero Muñiz,6.35,0.15,10.67,42,93c350,No,Good,No,
2024-05-09,C80,6,Victor Hugo Rivero Muñiz,5.66,0.17,18.94,50,649554,No,Good,No,
2024-05-09,C80,7,Victor Hugo Rivero Muñiz,6.12,0.19,11.58,52,7da64a,No,Good,Yes,
2024-05-09,C80,8,Victor Hugo Rivero Muñiz,6.78,0.19,13.47,56,6e9d4c,No,Good,No,
2024-05-09,Control,1,Victor Hugo Rivero Muñiz,4.52,0.14,6.46,30,abd530,No,Good,No,
2024-05-09,Control,2,Victor Hugo Rivero Muñiz,5.6,0.15,9.66,34,7e9e0,No,Good,No,
2024-05-09,Control,3,Victor Hugo Rivero Muñiz,4.3,0.14,9.12,38,8ebb34,No,Good,No,
2024-05-09,Control,4,Victor Hugo Rivero Muñiz,4.43,0.14,7.82,32,b0dd3e,No,Good,No,
2024-05-09,Control,5,Victor Hugo Rivero Muñiz,4.17,0.14,9.5,36,7eb337,No,Good,No,
2024-05-09,Control,6,Victor Hugo Rivero Muñiz,6.42,0.15,9.2,36,a5d357,No,Good,No,
2024-05-09,Control,7,Victor Hugo Rivero Muñiz,4.62,0.14,10,34,bfd92d,No,Good,No,
2024-05-09,Control,8,Victor Hugo Rivero Muñiz,4.8,0.15,8.16,36,afcf33,No,Good,No,
2024-05-10,B100,1,Victor Hugo Rivero Muñiz,,,,,,No,,,
2024-05-10,B100,2,Victor Hugo Rivero Muñiz,,,,,,No,,,
2024-05-10,B100,3,Victor Hugo Rivero Muñiz,,,,,,No,,,
2024-05-10,B100,4,Victor Hugo Rivero Muñiz,,,,,,No,,,
2024-05-10,B100,5,Victor Hugo Rivero Muñiz,,,,,,No,,,
2024-05-10,B100,6,Victor Hugo Rivero Muñiz,,,,,,No,,,
2024-05-10,B100,7,Victor Hugo Rivero Muñiz,,,,,,No,,,
2024-05-10,B100,8,Victor Hugo Rivero Muñiz,,,,,,No,,,
2024-05-10,B80,1,Victor Hugo Rivero Muñiz,,,,,,No,,,
2024-05-10,B80,2,Victor Hugo Rivero Muñiz,,,,,,No,,,
2024-05-10,B80,3,Victor Hugo Rivero Muñiz,,,,,,No,,,
2024-05-10,B80,4,Victor Hugo Rivero Muñiz,,,,,,No,,,
2024-05-10,B80,5,Victor Hugo Rivero Muñiz,,,,,,No,,,
2024-05-10,B80,6,Victor Hugo Rivero Muñiz,,,,,,No,,,
2024-05-10,B80,7,Victor Hugo Rivero Muñiz,,,,,,No,,,
2024-05-10,B80,8,Victor Hugo Rivero Muñiz,,,,,,No,,,
2024-05-10,C100,1,Victor Hugo Rivero Muñiz,,,,,,No,,,
2024-05-10,C100,2,Victor Hugo Rivero Muñiz,,,,,,No,,,
2024-05-10,C100,3,Victor Hugo Rivero Muñiz,,,,,,No,,,
2024-05-10,C100,4,Victor Hugo Rivero Muñiz,,,,,,No,,,
2024-05-10,C100,5,Victor Hugo Rivero Muñiz,,,,,,No,,,
2024-05-10,C100,6,Victor Hugo Rivero Muñiz,,,,,,No,,,
2024-05-10,C100,7,Victor Hugo Rivero Muñiz,,,,,,No,,,
2024-05-10,C100,8,Victor Hugo Rivero Muñiz,,,,,,No,,,
2024-05-10,C80,1,Victor Hugo Rivero Muñiz,,,,,,No,,,
2024-05-10,C80,2,Victor Hugo Rivero Muñiz,,,,,,No,,,
2024-05-10,C80,3,Victor Hugo Rivero Muñiz,,,,,,No,,,
2024-05-10,C80,4,Victor Hugo Rivero Muñiz,,,,,,No,,,
2024-05-10,C80,5,Victor Hugo Rivero Muñiz,,,,,,No,,,
2024-05-10,C80,6,Victor Hugo Rivero Muñiz,,,,,,No,,,
2024-05-10,C80,7,Victor Hugo Rivero Muñiz,,,,,,No,,,
2024-05-10,C80,8,Victor Hugo Rivero Muñiz,,,,,,No,,,
2024-05-10,Control,1,Victor Hugo Rivero Muñiz,,,,,,No,,,
2024-05-10,Control,2,Victor Hugo Rivero Muñiz,,,,,,No,,,
2024-05-10,Control,3,Victor Hugo Rivero Muñiz,,,,,,No,,,
2024-05-10,Control,4,Victor Hugo Rivero Muñiz,,,,,,No,,,
2024-05-10,Control,5,Victor Hugo Rivero Muñiz,,,,,,No,,,
2024-05-10,Control,6,Victor Hugo Rivero Muñiz,,,,,,No,,,
2024-05-10,Control,7,Victor Hugo Rivero Muñiz,,,,,,No,,,
2024-05-10,Control,8,Victor Hugo Rivero Muñiz,,,,,,No,,,
2024-05-11,B100,1,Victor Hugo Rivero Muñiz,,,,,,No,,,
2024-05-11,B100,2,Victor Hugo Rivero Muñiz,,,,,,No,,,
2024-05-11,B100,3,Victor Hugo Rivero Muñiz,,,,,,No,,,
2024-05-11,B100,4,Victor Hugo Rivero Muñiz,,,,,,No,,,
2024-05-11,B100,5,Victor Hugo Rivero Muñiz,,,,,,No,,,
2024-05-11,B100,6,Victor Hugo Rivero Muñiz,,,,,,No,,,
2024-05-11,B100,7,Victor Hugo Rivero Muñiz,,,,,,No,,,
2024-05-11,B100,8,Victor Hugo Rivero Muñiz,,,,,,No,,,
2024-05-11,B80,1,Victor Hugo Rivero Muñiz,,,,,,No,,,
2024-05-11,B80,2,Victor Hugo Rivero Muñiz,,,,,,No,,,
2024-05-11,B80,3,Victor Hugo Rivero Muñiz,,,,,,No,,,
2024-05-11,B80,4,Victor Hugo Rivero Muñiz,,,,,,No,,,
2024-05-11,B80,5,Victor Hugo Rivero Muñiz,,,,,,Yes,,,
2024-05-11,B80,6,Victor Hugo Rivero Muñiz,,,,,,Yes,,,
2024-05-11,B80,7,Victor Hugo Rivero Muñiz,,,,,,Yes,,,
2024-05-11,B80,8,Victor Hugo Rivero Muñiz,,,,,,No,,,
2024-05-11,C100,1,Victor Hugo Rivero Muñiz,,,,,,No,,,
2024-05-11,C100,2,Victor Hugo Rivero Muñiz,,,,,,No,,,
2024-05-11,C100,3,Victor Hugo Rivero Muñiz,,,,,,No,,,
2024-05-11,C100,4,Victor Hugo Rivero Muñiz,,,,,,No,,,
2024-05-11,C100,5,Victor Hugo Rivero Muñiz,,,,,,No,,,
2024-05-11,C100,6,Victor Hugo Rivero Muñiz,,,,,,No,,,
2024-05-11,C100,7,Victor Hugo Rivero Muñiz,,,,,,Yes,,,
2024-05-11,C100,8,Victor Hugo Rivero Muñiz,,,,,,No,,,
2024-05-11,C80,1,Victor Hugo Rivero Muñiz,,,,,,No,,,
2024-05-11,C80,2,Victor Hugo Rivero Muñiz,,,,,,No,,,
2024-05-11,C80,3,Victor Hugo Rivero Muñiz,,,,,,Yes,,,
2024-05-11,C80,4,Victor Hugo Rivero Muñiz,,,,,,No,,,
2024-05-11,C80,5,Victor Hugo Rivero Muñiz,,,,,,No,,,
2024-05-11,C80,6,Victor Hugo Rivero Muñiz,,,,,,Yes,,,
2024-05-11,C80,7,Victor Hugo Rivero Muñiz,,,,,,Yes,,,
2024-05-11,C80,8,Victor Hugo Rivero Muñiz,,,,,,Yes,,,
2024-05-11,Control,1,Victor Hugo Rivero Muñiz,,,,,,No,,,
2024-05-11,Control,2,Victor Hugo Rivero Muñiz,,,,,,No,,,
2024-05-11,Control,3,Victor Hugo Rivero Muñiz,,,,,,No,,,
2024-05-11,Control,4,Victor Hugo Rivero Muñiz,,,,,,No,,,
2024-05-11,Control,5,Victor Hugo Rivero Muñiz,,,,,,No,,,
2024-05-11,Control,6,Victor Hugo Rivero Muñiz,,,,,,No,,,
2024-05-11,Control,7,Victor Hugo Rivero Muñiz,,,,,,No,,,
2024-05-11,Control,8,Victor Hugo Rivero Muñiz,,,,,,No,,,
2024-05-12,B100,1,Victor Hugo Rivero Muñiz,,,,,,No,,,
2024-05-12,B100,2,Victor Hugo Rivero Muñiz,,,,,,No,,,
2024-05-12,B100,3,Victor Hugo Rivero Muñiz,,,,,,No,,,
2024-05-12,B100,4,Victor Hugo Rivero Muñiz,,,,,,No,,,
2024-05-12,B100,5,Victor Hugo Rivero Muñiz,,,,,,No,,,
2024-05-12,B100,6,Victor Hugo Rivero Muñiz,,,,,,No,,,
2024-05-12,B100,7,Victor Hugo Rivero Muñiz,,,,,,No,,,
2024-05-12,B100,8,Victor Hugo Rivero Muñiz,,,,,,No,,,
2024-05-12,B80,1,Victor Hugo Rivero Muñiz,,,,,,No,,,
2024-05-12,B80,2,Victor Hugo Rivero Muñiz,,,,,,No,,,
2024-05-12,B80,3,Victor Hugo Rivero Muñiz,,,,,,No,,,
2024-05-12,B80,4,Victor Hugo Rivero Muñiz,,,,,,No,,,
2024-05-12,B80,5,Victor Hugo Rivero Muñiz,,,,,,No,,,
2024-05-12,B80,6,Victor Hugo Rivero Muñiz,,,,,,No,,,
2024-05-12,B80,7,Victor Hugo Rivero Muñiz,,,,,,No,,,
2024-05-12,B80,8,Victor Hugo Rivero Muñiz,,,,,,No,,,
2024-05-12,C100,1,Victor Hugo Rivero Muñiz,,,,,,No,,,
2024-05-12,C100,2,Victor Hugo Rivero Muñiz,,,,,,No,,,
2024-05-12,C100,3,Victor Hugo Rivero Muñiz,,,,,,No,,,
2024-05-12,C100,4,Victor Hugo Rivero Muñiz,,,,,,No,,,
2024-05-12,C100,5,Victor Hugo Rivero Muñiz,,,,,,No,,,
2024-05-12,C100,6,Victor Hugo Rivero Muñiz,,,,,,No,,,
2024-05-12,C100,7,Victor Hugo Rivero Muñiz,,,,,,No,,,
2024-05-12,C100,8,Victor Hugo Rivero Muñiz,,,,,,No,,,
2024-05-12,C80,1,Victor Hugo Rivero Muñiz,,,,,,No,,,
2024-05-12,C80,2,Victor Hugo Rivero Muñiz,,,,,,No,,,
2024-05-12,C80,3,Victor Hugo Rivero Muñiz,,,,,,No,,,
2024-05-12,C80,4,Victor Hugo Rivero Muñiz,,,,,,No,,,
2024-05-12,C80,5,Victor Hugo Rivero Muñiz,,,,,,No,,,
2024-05-12,C80,6,Victor Hugo Rivero Muñiz,,,,,,No,,,
2024-05-12,C80,7,Victor Hugo Rivero Muñiz,,,,,,No,,,
2024-05-12,C80,8,Victor Hugo Rivero Muñiz,,,,,,No,,,
2024-05-12,Control,1,Victor Hugo Rivero Muñiz,,,,,,No,,,
2024-05-12,Control,2,Victor Hugo Rivero Muñiz,,,,,,No,,,
2024-05-12,Control,3,Victor Hugo Rivero Muñiz,,,,,,No,,,
2024-05-12,Control,4,Victor Hugo Rivero Muñiz,,,,,,No,,,
2024-05-12,Control,5,Victor Hugo Rivero Muñiz,,,,,,No,,,
2024-05-12,Control,6,Victor Hugo Rivero Muñiz,,,,,,No,,,
2024-05-12,Control,7,Victor Hugo Rivero Muñiz,,,,,,No,,,
2024-05-12,Control,8,Victor Hugo Rivero Muñiz,,,,,,No,,,
2024-05-13,B100,1,Victor Hugo Rivero Muñiz,,,,,,No,,,
2024-05-13,B100,2,Victor Hugo Rivero Muñiz,,,,,,No,,,
2024-05-13,B100,3,Victor Hugo Rivero Muñiz,,,,,,No,,,
2024-05-13,B100,4,Victor Hugo Rivero Muñiz,,,,,,No,,,
2024-05-13,B100,5,Victor Hugo Rivero Muñiz,,,,,,No,,,
2024-05-13,B100,6,Victor Hugo Rivero Muñiz,,,,,,No,,,
2024-05-13,B100,7,Victor Hugo Rivero Muñiz,,,,,,No,,,
2024-05-13,B100,8,Victor Hugo Rivero Muñiz,,,,,,No,,,
2024-05-13,B80,1,Victor Hugo Rivero Muñiz,,,,,,No,,,
2024-05-13,B80,2,Victor Hugo Rivero Muñiz,,,,,,No,,,
2024-05-13,B80,3,Victor Hugo Rivero Muñiz,,,,,,No,,,
2024-05-13,B80,4,Victor Hugo Rivero Muñiz,,,,,,No,,,
2024-05-13,B80,5,Victor Hugo Rivero Muñiz,,,,,,No,,,
2024-05-13,B80,6,Victor Hugo Rivero Muñiz,,,,,,No,,,
2024-05-13,B80,7,Victor Hugo Rivero Muñiz,,,,,,No,,,
2024-05-13,B80,8,Victor Hugo Rivero Muñiz,,,,,,No,,,
2024-05-13,C100,1,Victor Hugo Rivero Muñiz,,,,,,No,,,
2024-05-13,C100,2,Victor Hugo Rivero Muñiz,,,,,,No,,,
2024-05-13,C100,3,Victor Hugo Rivero Muñiz,,,,,,No,,,
2024-05-13,C100,4,Victor Hugo Rivero Muñiz,,,,,,No,,,
2024-05-13,C100,5,Victor Hugo Rivero Muñiz,,,,,,No,,,
2024-05-13,C100,6,Victor Hugo Rivero Muñiz,,,,,,No,,,
2024-05-13,C100,7,Victor Hugo Rivero Muñiz,,,,,,No,,,
2024-05-13,C100,8,Victor Hugo Rivero Muñiz,,,,,,No,,,
2024-05-13,C80,1,Victor Hugo Rivero Muñiz,,,,,,No,,,
2024-05-13,C80,2,Victor Hugo Rivero Muñiz,,,,,,No,,,
2024-05-13,C80,3,Victor Hugo Rivero Muñiz,,,,,,No,,,
2024-05-13,C80,4,Victor Hugo Rivero Muñiz,,,,,,No,,,
2024-05-13,C80,5,Victor Hugo Rivero Muñiz,,,,,,No,,,
2024-05-13,C80,6,Victor Hugo Rivero Muñiz,,,,,,No,,,
2024-05-13,C80,7,Victor Hugo Rivero Muñiz,,,,,,No,,,
2024-05-13,C80,8,Victor Hugo Rivero Muñiz,,,,,,No,,,
2024-05-13,Control,1,Victor Hugo Rivero Muñiz,,,,,,No,,,
2024-05-13,Control,2,Victor Hugo Rivero Muñiz,,,,,,No,,,
2024-05-13,Control,3,Victor Hugo Rivero Muñiz,,,,,,No,,,
2024-05-13,Control,4,Victor Hugo Rivero Muñiz,,,,,,No,,,
2024-05-13,Control,5,Victor Hugo Rivero Muñiz,,,,,,No,,,
2024-05-13,Control,6,Victor Hugo Rivero Muñiz,,,,,,No,,,
2024-05-13,Control,7,Victor Hugo Rivero Muñiz,,,,,,No,,,
2024-05-13,Control,8,Victor Hugo Rivero Muñiz,,,,,,No,,,
2024-05-14,B100,1,Victor Hugo Rivero Muñiz,,,,,,No,,,
2024-05-14,B100,2,Victor Hugo Rivero Muñiz,,,,,,No,,,
2024-05-14,B100,3,Victor Hugo Rivero Muñiz,,,,,,No,,,
2024-05-14,B100,4,Victor Hugo Rivero Muñiz,,,,,,No,,,
2024-05-14,B100,5,Victor Hugo Rivero Muñiz,,,,,,No,,,
2024-05-14,B100,6,Victor Hugo Rivero Muñiz,,,,,,No,,,
2024-05-14,B100,7,Victor Hugo Rivero Muñiz,,,,,,No,,,
2024-05-14,B100,8,Victor Hugo Rivero Muñiz,,,,,,No,,,
2024-05-14,B80,1,Victor Hugo Rivero Muñiz,,,,,,No,,,
2024-05-14,B80,2,Victor Hugo Rivero Muñiz,,,,,,No,,,
2024-05-14,B80,3,Victor Hugo Rivero Muñiz,,,,,,No,,,
2024-05-14,B80,4,Victor Hugo Rivero Muñiz,,,,,,No,,,
2024-05-14,B80,5,Victor Hugo Rivero Muñiz,,,,,,No,,,
2024-05-14,B80,6,Victor Hugo Rivero Muñiz,,,,,,No,,,
2024-05-14,B80,7,Victor Hugo Rivero Muñiz,,,,,,No,,,
2024-05-14,B80,8,Victor Hugo Rivero Muñiz,,,,,,No,,,
2024-05-14,C100,1,Victor Hugo Rivero Muñiz,,,,,,No,,,
2024-05-14,C100,2,Victor Hugo Rivero Muñiz,,,,,,No,,,
2024-05-14,C100,3,Victor Hugo Rivero Muñiz,,,,,,No,,,
2024-05-14,C100,4,Victor Hugo Rivero Muñiz,,,,,,No,,,
2024-05-14,C100,5,Victor Hugo Rivero Muñiz,,,,,,No,,,
2024-05-14,C100,6,Victor Hugo Rivero Muñiz,,,,,,No,,,
2024-05-14,C100,7,Victor Hugo Rivero Muñiz,,,,,,No,,,
2024-05-14,C100,8,Victor Hugo Rivero Muñiz,,,,,,No,,,
2024-05-14,C80,1,Victor Hugo Rivero Muñiz,,,,,,No,,,
2024-05-14,C80,2,Victor Hugo Rivero Muñiz,,,,,,No,,,
2024-05-14,C80,3,Victor Hugo Rivero Muñiz,,,,,,No,,,
2024-05-14,C80,4,Victor Hugo Rivero Muñiz,,,,,,No,,,
2024-05-14,C80,5,Victor Hugo Rivero Muñiz,,,,,,No,,,
2024-05-14,C80,6,Victor Hugo Rivero Muñiz,,,,,,No,,,
2024-05-14,C80,7,Victor Hugo Rivero Muñiz,,,,,,No,,,
2024-05-14,C80,8,Victor Hugo Rivero Muñiz,,,,,,No,,,
2024-05-14,Control,1,Victor Hugo Rivero Muñiz,,,,,,No,,,
2024-05-14,Control,2,Victor Hugo Rivero Muñiz,,,,,,No,,,
2024-05-14,Control,3,Victor Hugo Rivero Muñiz,,,,,,No,,,
2024-05-14,Control,4,Victor Hugo Rivero Muñiz,,,,,,No,,,
2024-05-14,Control,5,Victor Hugo Rivero Muñiz,,,,,,No,,,
2024-05-14,Control,6,Victor Hugo Rivero Muñiz,,,,,,No,,,
2024-05-14,Control,7,Victor Hugo Rivero Muñiz,,,,,,No,,,
2024-05-14,Control,8,Victor Hugo Rivero Muñiz,,,,,,No,,,
2024-05-15,B100,1,Victor Hugo Rivero Muñiz,,,,,,No,,,
2024-05-15,B100,2,Victor Hugo Rivero Muñiz,,,,,,No,,,
2024-05-15,B100,3,Victor Hugo Rivero Muñiz,,,,,,No,,,
2024-05-15,B100,4,Victor Hugo Rivero Muñiz,,,,,,Yes,,,
2024-05-15,B100,5,Victor Hugo Rivero Muñiz,,,,,,No,,,
2024-05-15,B100,6,Victor Hugo Rivero Muñiz,,,,,,No,,,
2024-05-15,B100,7,Victor Hugo Rivero Muñiz,,,,,,No,,,
2024-05-15,B100,8,Victor Hugo Rivero Muñiz,,,,,,No,,,
2024-05-15,B80,1,Victor Hugo Rivero Muñiz,,,,,,Yes,,,
2024-05-15,B80,2,Victor Hugo Rivero Muñiz,,,,,,No,,,
2024-05-15,B80,3,Victor Hugo Rivero Muñiz,,,,,,No,,,
2024-05-15,B80,4,Victor Hugo Rivero Muñiz,,,,,,Yes,,,
2024-05-15,B80,5,Victor Hugo Rivero Muñiz,,,,,,Yes,,,
2024-05-15,B80,6,Victor Hugo Rivero Muñiz,,,,,,Yes,,,
2024-05-15,B80,7,Victor Hugo Rivero Muñiz,,,,,,No,,,
2024-05-15,B80,8,Victor Hugo Rivero Muñiz,,,,,,Yes,,,
2024-05-15,C100,1,Victor Hugo Rivero Muñiz,,,,,,Yes,,,
2024-05-15,C100,2,Victor Hugo Rivero Muñiz,,,,,,No,,,
2024-05-15,C100,3,Victor Hugo Rivero Muñiz,,,,,,No,,,
2024-05-15,C100,4,Victor Hugo Rivero Muñiz,,,,,,Yes,,,
2024-05-15,C100,5,Victor Hugo Rivero Muñiz,,,,,,No,,,
2024-05-15,C100,6,Victor Hugo Rivero Muñiz,,,,,,Yes,,,
2024-05-15,C100,7,Victor Hugo Rivero Muñiz,,,,,,Yes,,,
2024-05-15,C100,8,Victor Hugo Rivero Muñiz,,,,,,Yes,,,
2024-05-15,C80,1,Victor Hugo Rivero Muñiz,,,,,,Yes,,,
2024-05-15,C80,2,Victor Hugo Rivero Muñiz,,,,,,Yes,,,
2024-05-15,C80,3,Victor Hugo Rivero Muñiz,,,,,,Yes,,,
2024-05-15,C80,4,Victor Hugo Rivero Muñiz,,,,,,Yes,,,
2024-05-15,C80,5,Victor Hugo Rivero Muñiz,,,,,,Yes,,,
2024-05-15,C80,6,Victor Hugo Rivero Muñiz,,,,,,Yes,,,
2024-05-15,C80,7,Victor Hugo Rivero Muñiz,,,,,,Yes,,,
2024-05-15,C80,8,Victor Hugo Rivero Muñiz,,,,,,Yes,,,
2024-05-15,Control,1,Victor Hugo Rivero Muñiz,,,,,,No,,,
2024-05-15,Control,2,Victor Hugo Rivero Muñiz,,,,,,No,,,
2024-05-15,Control,3,Victor Hugo Rivero Muñiz,,,,,,No,,,
2024-05-15,Control,4,Victor Hugo Rivero Muñiz,,,,,,No,,,
2024-05-15,Control,5,Victor Hugo Rivero Muñiz,,,,,,No,,,
2024-05-15,Control,6,Victor Hugo Rivero Muñiz,,,,,,No,,,
2024-05-15,Control,7,Victor Hugo Rivero Muñiz,,,,,,No,,,
2024-05-15,Control,8,Victor Hugo Rivero Muñiz,,,,,,No,,,
2024-05-16,B100,1,Victor Hugo Rivero Muñiz,8.4,0.26,22.92,72,addf47,No,Medium,Yes,"Hoja con manchas blancas, algunas hojas arrugadas"
2024-05-16,B100,2,Victor Hugo Rivero Muñiz,8.93,0.2,17.25,74,8fbe47,No,Medium,Yes,Hoja con manchas blancas
2024-05-16,B100,3,Victor Hugo Rivero Muñiz,9.64,0.27,20.5,72,c7ec72,No,Good,No,
2024-05-16,B100,4,Victor Hugo Rivero Muñiz,10.53,0.23,26.06,70,96c93f,No,Good,No,
2024-05-16,B100,5,Victor Hugo Rivero Muñiz,8.2,0.21,15.18,70,a6cf40,No,Good,No,
2024-05-16,B100,6,Victor Hugo Rivero Muñiz,9.62,0.19,18.43,70,b6ec36d,No,Good,Yes,Hoja con manchas negras
2024-05-16,B100,7,Victor Hugo Rivero Muñiz,9,0.21,14.46,72,b4e080,No,Medium,No,"Hojas arrugas, algo de perdida de turgencia"
2024-05-16,B100,8,Victor Hugo Rivero Muñiz,10.06,0.19,20.2,68,b7e877,No,Good,No,
2024-05-16,B80,1,Victor Hugo Rivero Muñiz,9.31,0.18,17.61,60,a8d25a,No,Good,No,
2024-05-16,B80,2,Victor Hugo Rivero Muñiz,9.93,0.21,21.06,62,94c858,No,Medium,No,Hojas arrugadas
2024-05-16,B80,3,Victor Hugo Rivero Muñiz,9.12,0.2,15.84,72,b2e66e,No,Medium,No,Algo de perdida de turgencia y hojas arrugadas
2024-05-16,B80,4,Victor Hugo Rivero Muñiz,9.74,0.17,15.55,60,9fd46c,No,Medium,No,Hojas arrugadas
2024-05-16,B80,5,Victor Hugo Rivero Muñiz,9.27,0.19,15.45,68,b2db5b,No,Medium,No,Algo de perdida de turgencia
2024-05-16,B80,6,Victor Hugo Rivero Muñiz,7.84,0.26,13.47,62,a0d367,No,Good,No,
2024-05-16,B80,7,Victor Hugo Rivero Muñiz,8.81,0.17,14.41,60,b0da5f,No,Good,No,
2024-05-16,B80,8,Victor Hugo Rivero Muñiz,8.67,0.18,14.47,64,a8d73d,No,Good,No,
2024-05-16,C100,1,Victor Hugo Rivero Muñiz,10.49,0.27,20.23,68,a2d377,No,Good,No,
2024-05-16,C100,2,Victor Hugo Rivero Muñiz,13.01,0.23,34.79,66,b6ec95,No,Medium,No,Perdida de turgencia en hojas
2024-05-16,C100,3,Victor Hugo Rivero Muñiz,10.25,0.18,23.82,74,b4e973,No,Medium,No,Hojas arrugadas
2024-05-16,C100,4,Victor Hugo Rivero Muñiz,10.43,0.23,19.46,70,97c654,No,Medium,No,Hojas arrugadas
2024-05-16,C100,5,Victor Hugo Rivero Muñiz,9.05,0.19,24.41,70,9dde72,No,Good,No,
2024-05-16,C100,6,Victor Hugo Rivero Muñiz,8.69,0.2,21.31,68,bfe55f,No,Medium,No,"Hojas arrugadas, perdida de turgencia, hojas mas chicas"
2024-05-16,C100,7,Victor Hugo Rivero Muñiz,8.75,0.2,16.57,76,9ece64,No,Good,No,Hojas arrugadas
2024-05-16,C100,8,Victor Hugo Rivero Muñiz,8.98,0.2,24.24,74,b3df7a,No,Medium,No,Hojas arrugadas
2024-05-16,C80,1,Victor Hugo Rivero Muñiz,8.46,0.21,17.95,98,b4e586,No,Medium,No,Perdida de turgencia
2024-05-16,C80,2,Victor Hugo Rivero Muñiz,8.9,0.2,26.9,66,b3e464,No,Medium,Yes,"Hojas con manchas blancas, perdida de turgencia, hojas arrugadas"
2024-05-16,C80,3,Victor Hugo Rivero Muñiz,9.14,0.17,29.38,60,bae493,No,Medium,Yes,"Hojas con manchas negras y blancas, hojas se sienten flojas"
2024-05-16,C80,4,Victor Hugo Rivero Muñiz,9.49,0.18,17.1,62,a6ce5b,No,Good,No,
2024-05-16,C80,5,Victor Hugo Rivero Muñiz,9.47,0.18,15.16,62,63e777,No,Good,No,Hojas muy pequeñas
2024-05-16,C80,6,Victor Hugo Rivero Muñiz,8.12,0.18,15.79,66,9bc2e,No,Medium,No,"Hojas arrugadas, hojas flojas"
2024-05-16,C80,7,Victor Hugo Rivero Muñiz,8.87,0.19,19.36,68,a7e49a,No,Medium,Yes,Manchas amarillas y ordidas de insectos
2024-05-16,C80,8,Victor Hugo Rivero Muñiz,9.07,0.17,18.96,64,c2e970,No,Medium,Yes,"Manchas negras, hojas arrugadas, perdida de turgencia"
2024-05-16,Control,1,Victor Hugo Rivero Muñiz,5.95,0.19,7.24,60,a6d23b,No,Good,No,
2024-05-16,Control,2,Victor Hugo Rivero Muñiz,5.6,0.17,11.7,52,9dda5c,No,Good,Yes,Hojas con manchas blancas
2024-05-16,Control,3,Victor Hugo Rivero Muñiz,7.56,0.18,13.76,54,d5f085,No,Good,No,
2024-05-16,Control,4,Victor Hugo Rivero Muñiz,6.14,0.19,6.89,44,c0dd6f,No,Good,No,"muy pocas hojas, muy chicas"
2024-05-16,Control,5,Victor Hugo Rivero Muñiz,5.72,0.15,9.35,60,8eb436,No,Good,No,
2024-05-16,Control,6,Victor Hugo Rivero Muñiz,8.88,0.17,9.76,58,caea69,No,Good,No,
2024-05-16,Control,7,Victor Hugo Rivero Muñiz,6.27,0.14,10.83,52,b4e85e,No,Good,No,
2024-05-16,Control,8,Victor Hugo Rivero Muñiz,6.59,0.15,11.54,46,b8e86e,No,Good,No,
2024-05-17,B100,1,Victor Hugo Rivero Muñiz,,,,,,No,,,
2024-05-17,B100,2,Victor Hugo Rivero Muñiz,,,,,,No,,,
2024-05-17,B100,3,Victor Hugo Rivero Muñiz,,,,,,No,,,
2024-05-17,B100,4,Victor Hugo Rivero Muñiz,,,,,,No,,,
2024-05-17,B100,5,Victor Hugo Rivero Muñiz,,,,,,Yes,,,
2024-05-17,B100,6,Victor Hugo Rivero Muñiz,,,,,,Yes,,,
2024-05-17,B100,7,Victor Hugo Rivero Muñiz,,,,,,Yes,,,
2024-05-17,B100,8,Victor Hugo Rivero Muñiz,,,,,,No,,,
2024-05-17,B80,1,Victor Hugo Rivero Muñiz,,,,,,No,,,
2024-05-17,B80,2,Victor Hugo Rivero Muñiz,,,,,,No,,,
2024-05-17,B80,3,Victor Hugo Rivero Muñiz,,,,,,Yes,,,
2024-05-17,B80,4,Victor Hugo Rivero Muñiz,,,,,,No,,,
2024-05-17,B80,5,Victor Hugo Rivero Muñiz,,,,,,Yes,,,
2024-05-17,B80,6,Victor Hugo Rivero Muñiz,,,,,,Yes,,,
2024-05-17,B80,7,Victor Hugo Rivero Muñiz,,,,,,Yes,,,
2024-05-17,B80,8,Victor Hugo Rivero Muñiz,,,,,,No,,,
2024-05-17,C100,1,Victor Hugo Rivero Muñiz,,,,,,No,,,
2024-05-17,C100,2,Victor Hugo Rivero Muñiz,,,,,,Yes,,,
2024-05-17,C100,3,Victor Hugo Rivero Muñiz,,,,,,No,,,
2024-05-17,C100,4,Victor Hugo Rivero Muñiz,,,,,,Yes,,,
2024-05-17,C100,5,Victor Hugo Rivero Muñiz,,,,,,Yes,,,
2024-05-17,C100,6,Victor Hugo Rivero Muñiz,,,,,,Yes,,,
2024-05-17,C100,7,Victor Hugo Rivero Muñiz,,,,,,Yes,,,
2024-05-17,C100,8,Victor Hugo Rivero Muñiz,,,,,,No,,,
2024-05-17,C80,1,Victor Hugo Rivero Muñiz,,,,,,No,,,
2024-05-17,C80,2,Victor Hugo Rivero Muñiz,,,,,,Yes,,,
2024-05-17,C80,3,Victor Hugo Rivero Muñiz,,,,,,Yes,,,
2024-05-17,C80,4,Victor Hugo Rivero Muñiz,,,,,,Yes,,,
2024-05-17,C80,5,Victor Hugo Rivero Muñiz,,,,,,Yes,,,
2024-05-17,C80,6,Victor Hugo Rivero Muñiz,,,,,,Yes,,,
2024-05-17,C80,7,Victor Hugo Rivero Muñiz,,,,,,Yes,,,
2024-05-17,C80,8,Victor Hugo Rivero Muñiz,,,,,,Yes,,,
2024-05-17,Control,1,Victor Hugo Rivero Muñiz,,,,,,No,,,
2024-05-17,Control,2,Victor Hugo Rivero Muñiz,,,,,,No,,,
2024-05-17,Control,3,Victor Hugo Rivero Muñiz,,,,,,No,,,
2024-05-17,Control,4,Victor Hugo Rivero Muñiz,,,,,,No,,,
2024-05-17,Control,5,Victor Hugo Rivero Muñiz,,,,,,No,,,
2024-05-17,Control,6,Victor Hugo Rivero Muñiz,,,,,,No,,,
2024-05-17,Control,7,Victor Hugo Rivero Muñiz,,,,,,No,,,
2024-05-17,Control,8,Victor Hugo Rivero Muñiz,,,,,,No,,,
2024-05-18,B100,1,Victor Hugo Rivero Muñiz,,,,,,No,,,
2024-05-18,B100,2,Victor Hugo Rivero Muñiz,,,,,,No,,,
2024-05-18,B100,3,Victor Hugo Rivero Muñiz,,,,,,No,,,
2024-05-18,B100,4,Victor Hugo Rivero Muñiz,,,,,,Yes,,,
2024-05-18,B100,5,Victor Hugo Rivero Muñiz,,,,,,Yes,,,
2024-05-18,B100,6,Victor Hugo Rivero Muñiz,,,,,,No,,,
2024-05-18,B100,7,Victor Hugo Rivero Muñiz,,,,,,Yes,,,
2024-05-18,B100,8,Victor Hugo Rivero Muñiz,,,,,,Yes,,,
2024-05-18,B80,1,Victor Hugo Rivero Muñiz,,,,,,Yes,,,
2024-05-18,B80,2,Victor Hugo Rivero Muñiz,,,,,,Yes,,,
2024-05-18,B80,3,Victor Hugo Rivero Muñiz,,,,,,Yes,,,
2024-05-18,B80,4,Victor Hugo Rivero Muñiz,,,,,,Yes,,,
2024-05-18,B80,5,Victor Hugo Rivero Muñiz,,,,,,Yes,,,
2024-05-18,B80,6,Victor Hugo Rivero Muñiz,,,,,,Yes,,,
2024-05-18,B80,7,Victor Hugo Rivero Muñiz,,,,,,Yes,,,
2024-05-18,B80,8,Victor Hugo Rivero Muñiz,,,,,,Yes,,,
2024-05-18,C100,1,Victor Hugo Rivero Muñiz,,,,,,Yes,,,
2024-05-18,C100,2,Victor Hugo Rivero Muñiz,,,,,,Yes,,,
2024-05-18,C100,3,Victor Hugo Rivero Muñiz,,,,,,Yes,,,
2024-05-18,C100,4,Victor Hugo Rivero Muñiz,,,,,,Yes,,,
2024-05-18,C100,5,Victor Hugo Rivero Muñiz,,,,,,Yes,,,
2024-05-18,C100,6,Victor Hugo Rivero Muñiz,,,,,,Yes,,,
2024-05-18,C100,7,Victor Hugo Rivero Muñiz,,,,,,Yes,,,
2024-05-18,C100,8,Victor Hugo Rivero Muñiz,,,,,,Yes,,,
2024-05-18,C80,1,Victor Hugo Rivero Muñiz,,,,,,Yes,,,
2024-05-18,C80,2,Victor Hugo Rivero Muñiz,,,,,,Yes,,,
2024-05-18,C80,3,Victor Hugo Rivero Muñiz,,,,,,Yes,,,
2024-05-18,C80,4,Victor Hugo Rivero Muñiz,,,,,,Yes,,,
2024-05-18,C80,5,Victor Hugo Rivero Muñiz,,,,,,Yes,,,
2024-05-18,C80,6,Victor Hugo Rivero Muñiz,,,,,,Yes,,,
2024-05-18,C80,7,Victor Hugo Rivero Muñiz,,,,,,Yes,,,
2024-05-18,C80,8,Victor Hugo Rivero Muñiz,,,,,,Yes,,,
2024-05-18,Control,1,Victor Hugo Rivero Muñiz,,,,,,No,,,
2024-05-18,Control,2,Victor Hugo Rivero Muñiz,,,,,,No,,,
2024-05-18,Control,3,Victor Hugo Rivero Muñiz,,,,,,No,,,
2024-05-18,Control,4,Victor Hugo Rivero Muñiz,,,,,,No,,,
2024-05-18,Control,5,Victor Hugo Rivero Muñiz,,,,,,No,,,
2024-05-18,Control,6,Victor Hugo Rivero Muñiz,,,,,,No,,,
2024-05-18,Control,7,Victor Hugo Rivero Muñiz,,,,,,No,,,
2024-05-18,Control,8,Victor Hugo Rivero Muñiz,,,,,,No,,,
2024-05-19,B100,1,Victor Hugo Rivero Muñiz,,,,,,No,,,
2024-05-19,B100,2,Victor Hugo Rivero Muñiz,,,,,,No,,,
2024-05-19,B100,3,Victor Hugo Rivero Muñiz,,,,,,No,,,
2024-05-19,B100,4,Victor Hugo Rivero Muñiz,,,,,,Yes,,,
2024-05-19,B100,5,Victor Hugo Rivero Muñiz,,,,,,Yes,,,
2024-05-19,B100,6,Victor Hugo Rivero Muñiz,,,,,,No,,,
2024-05-19,B100,7,Victor Hugo Rivero Muñiz,,,,,,Yes,,,
2024-05-19,B100,8,Victor Hugo Rivero Muñiz,,,,,,Yes,,,
2024-05-19,B80,1,Victor Hugo Rivero Muñiz,,,,,,No,,,
2024-05-19,B80,2,Victor Hugo Rivero Muñiz,,,,,,Yes,,,
2024-05-19,B80,3,Victor Hugo Rivero Muñiz,,,,,,Yes,,,
2024-05-19,B80,4,Victor Hugo Rivero Muñiz,,,,,,Yes,,,
2024-05-19,B80,5,Victor Hugo Rivero Muñiz,,,,,,Yes,,,
2024-05-19,B80,6,Victor Hugo Rivero Muñiz,,,,,,Yes,,,
2024-05-19,B80,7,Victor Hugo Rivero Muñiz,,,,,,Yes,,,
2024-05-19,B80,8,Victor Hugo Rivero Muñiz,,,,,,Yes,,,
2024-05-19,C100,1,Victor Hugo Rivero Muñiz,,,,,,Yes,,,
2024-05-19,C100,2,Victor Hugo Rivero Muñiz,,,,,,Yes,,,
2024-05-19,C100,3,Victor Hugo Rivero Muñiz,,,,,,Yes,,,
2024-05-19,C100,4,Victor Hugo Rivero Muñiz,,,,,,Yes,,,
2024-05-19,C100,5,Victor Hugo Rivero Muñiz,,,,,,Yes,,,
2024-05-19,C100,6,Victor Hugo Rivero Muñiz,,,,,,Yes,,,
2024-05-19,C100,7,Victor Hugo Rivero Muñiz,,,,,,Yes,,,
2024-05-19,C100,8,Victor Hugo Rivero Muñiz,,,,,,Yes,,,
2024-05-19,C80,1,Victor Hugo Rivero Muñiz,,,,,,Yes,,,
2024-05-19,C80,2,Victor Hugo Rivero Muñiz,,,,,,Yes,,,
2024-05-19,C80,3,Victor Hugo Rivero Muñiz,,,,,,Yes,,,
2024-05-19,C80,4,Victor Hugo Rivero Muñiz,,,,,,Yes,,,
2024-05-19,C80,5,Victor Hugo Rivero Muñiz,,,,,,Yes,,,
2024-05-19,C80,6,Victor Hugo Rivero Muñiz,,,,,,Yes,,,
2024-05-19,C80,7,Victor Hugo Rivero Muñiz,,,,,,Yes,,,
2024-05-19,C80,8,Victor Hugo Rivero Muñiz,,,,,,Yes,,,
2024-05-19,Control,1,Victor Hugo Rivero Muñiz,,,,,,No,,,
2024-05-19,Control,2,Victor Hugo Rivero Muñiz,,,,,,No,,,
2024-05-19,Control,3,Victor Hugo Rivero Muñiz,,,,,,No,,,
2024-05-19,Control,4,Victor Hugo Rivero Muñiz,,,,,,No,,,
2024-05-19,Control,5,Victor Hugo Rivero Muñiz,,,,,,No,,,
2024-05-19,Control,6,Victor Hugo Rivero Muñiz,,,,,,No,,,
2024-05-19,Control,7,Victor Hugo Rivero Muñiz,,,,,,No,,,
2024-05-19,Control,8,Victor Hugo Rivero Muñiz,,,,,,No,,,
2024-05-20,B100,1,Victor Hugo Rivero Muñiz,,,,,,Yes,,,
2024-05-20,B100,2,Victor Hugo Rivero Muñiz,,,,,,Yes,,,
2024-05-20,B100,3,Victor Hugo Rivero Muñiz,,,,,,Yes,,,
2024-05-20,B100,4,Victor Hugo Rivero Muñiz,,,,,,Yes,,,
2024-05-20,B100,5,Victor Hugo Rivero Muñiz,,,,,,Yes,,,
2024-05-20,B100,6,Victor Hugo Rivero Muñiz,,,,,,Yes,,,
2024-05-20,B100,7,Victor Hugo Rivero Muñiz,,,,,,Yes,,,
2024-05-20,B100,8,Victor Hugo Rivero Muñiz,,,,,,Yes,,,
2024-05-20,B80,1,Victor Hugo Rivero Muñiz,,,,,,Yes,,,
2024-05-20,B80,2,Victor Hugo Rivero Muñiz,,,,,,Yes,,,
2024-05-20,B80,3,Victor Hugo Rivero Muñiz,,,,,,Yes,,,
2024-05-20,B80,4,Victor Hugo Rivero Muñiz,,,,,,Yes,,,
2024-05-20,B80,5,Victor Hugo Rivero Muñiz,,,,,,Yes,,,
2024-05-20,B80,6,Victor Hugo Rivero Muñiz,,,,,,Yes,,,
2024-05-20,B80,7,Victor Hugo Rivero Muñiz,,,,,,Yes,,,
2024-05-20,B80,8,Victor Hugo Rivero Muñiz,,,,,,Yes,,,
2024-05-20,C100,1,Victor Hugo Rivero Muñiz,,,,,,Yes,,,
2024-05-20,C100,2,Victor Hugo Rivero Muñiz,,,,,,Yes,,,
2024-05-20,C100,3,Victor Hugo Rivero Muñiz,,,,,,Yes,,,
2024-05-20,C100,4,Victor Hugo Rivero Muñiz,,,,,,Yes,,,
2024-05-20,C100,5,Victor Hugo Rivero Muñiz,,,,,,Yes,,,
2024-05-20,C100,6,Victor Hugo Rivero Muñiz,,,,,,Yes,,,
2024-05-20,C100,7,Victor Hugo Rivero Muñiz,,,,,,Yes,,,
2024-05-20,C100,8,Victor Hugo Rivero Muñiz,,,,,,Yes,,,
2024-05-20,C80,1,Victor Hugo Rivero Muñiz,,,,,,Yes,,,
2024-05-20,C80,2,Victor Hugo Rivero Muñiz,,,,,,Yes,,,
2024-05-20,C80,3,Victor Hugo Rivero Muñiz,,,,,,Yes,,,
2024-05-20,C80,4,Victor Hugo Rivero Muñiz,,,,,,Yes,,,
2024-05-20,C80,5,Victor Hugo Rivero Muñiz,,,,,,Yes,,,
2024-05-20,C80,6,Victor Hugo Rivero Muñiz,,,,,,Yes,,,
2024-05-20,C80,7,Victor Hugo Rivero Muñiz,,,,,,Yes,,,
2024-05-20,C80,8,Victor Hugo Rivero Muñiz,,,,,,Yes,,,
2024-05-20,Control,1,Victor Hugo Rivero Muñiz,,,,,,No,,,
2024-05-20,Control,2,Victor Hugo Rivero Muñiz,,,,,,No,,,
2024-05-20,Control,3,Victor Hugo Rivero Muñiz,,,,,,No,,,
2024-05-20,Control,4,Victor Hugo Rivero Muñiz,,,,,,No,,,
2024-05-20,Control,5,Victor Hugo Rivero Muñiz,,,,,,No,,,
2024-05-20,Control,6,Victor Hugo Rivero Muñiz,,,,,,No,,,
2024-05-20,Control,7,Victor Hugo Rivero Muñiz,,,,,,No,,,
2024-05-20,Control,8,Victor Hugo Rivero Muñiz,,,,,,No,,,
2024-05-21,B100,1,Victor Hugo Rivero Muñiz,,,,,,No,,,
2024-05-21,B100,2,Victor Hugo Rivero Muñiz,,,,,,No,,,
2024-05-21,B100,3,Victor Hugo Rivero Muñiz,,,,,,No,,,
2024-05-21,B100,4,Victor Hugo Rivero Muñiz,,,,,,No,,,
2024-05-21,B100,5,Victor Hugo Rivero Muñiz,,,,,,No,,,
2024-05-21,B100,6,Victor Hugo Rivero Muñiz,,,,,,No,,,
2024-05-21,B100,7,Victor Hugo Rivero Muñiz,,,,,,No,,,
2024-05-21,B100,8,Victor Hugo Rivero Muñiz,,,,,,No,,,
2024-05-21,B80,1,Victor Hugo Rivero Muñiz,,,,,,No,,,
2024-05-21,B80,2,Victor Hugo Rivero Muñiz,,,,,,No,,,
2024-05-21,B80,3,Victor Hugo Rivero Muñiz,,,,,,No,,,
2024-05-21,B80,4,Victor Hugo Rivero Muñiz,,,,,,No,,,
2024-05-21,B80,5,Victor Hugo Rivero Muñiz,,,,,,No,,,
2024-05-21,B80,6,Victor Hugo Rivero Muñiz,,,,,,No,,,
2024-05-21,B80,7,Victor Hugo Rivero Muñiz,,,,,,No,,,
2024-05-21,B80,8,Victor Hugo Rivero Muñiz,,,,,,No,,,
2024-05-21,C100,1,Victor Hugo Rivero Muñiz,,,,,,No,,,
2024-05-21,C100,2,Victor Hugo Rivero Muñiz,,,,,,No,,,
2024-05-21,C100,3,Victor Hugo Rivero Muñiz,,,,,,No,,,
2024-05-21,C100,4,Victor Hugo Rivero Muñiz,,,,,,No,,,
2024-05-21,C100,5,Victor Hugo Rivero Muñiz,,,,,,No,,,
2024-05-21,C100,6,Victor Hugo Rivero Muñiz,,,,,,No,,,
2024-05-21,C100,7,Victor Hugo Rivero Muñiz,,,,,,No,,,
2024-05-21,C100,8,Victor Hugo Rivero Muñiz,,,,,,No,,,
2024-05-21,C80,1,Victor Hugo Rivero Muñiz,,,,,,No,,,
2024-05-21,C80,2,Victor Hugo Rivero Muñiz,,,,,,No,,,
2024-05-21,C80,3,Victor Hugo Rivero Muñiz,,,,,,No,,,
2024-05-21,C80,4,Victor Hugo Rivero Muñiz,,,,,,No,,,
2024-05-21,C80,5,Victor Hugo Rivero Muñiz,,,,,,No,,,
2024-05-21,C80,6,Victor Hugo Rivero Muñiz,,,,,,No,,,
2024-05-21,C80,7,Victor Hugo Rivero Muñiz,,,,,,No,,,
2024-05-21,C80,8,Victor Hugo Rivero Muñiz,,,,,,No,,,
2024-05-21,Control,1,Victor Hugo Rivero Muñiz,,,,,,No,,,
2024-05-21,Control,2,Victor Hugo Rivero Muñiz,,,,,,No,,,
2024-05-21,Control,3,Victor Hugo Rivero Muñiz,,,,,,No,,,
2024-05-21,Control,4,Victor Hugo Rivero Muñiz,,,,,,No,,,
2024-05-21,Control,5,Victor Hugo Rivero Muñiz,,,,,,No,,,
2024-05-21,Control,6,Victor Hugo Rivero Muñiz,,,,,,No,,,
2024-05-21,Control,7,Victor Hugo Rivero Muñiz,,,,,,No,,,
2024-05-21,Control,8,Victor Hugo Rivero Muñiz,,,,,,No,,,
2024-05-22,B100,1,Victor Hugo Rivero Muñiz,,,,,,No,,,
2024-05-22,B100,2,Victor Hugo Rivero Muñiz,,,,,,No,,,
2024-05-22,B100,3,Victor Hugo Rivero Muñiz,,,,,,No,,,
2024-05-22,B100,4,Victor Hugo Rivero Muñiz,,,,,,No,,,
2024-05-22,B100,5,Victor Hugo Rivero Muñiz,,,,,,No,,,
2024-05-22,B100,6,Victor Hugo Rivero Muñiz,,,,,,No,,,
2024-05-22,B100,7,Victor Hugo Rivero Muñiz,,,,,,No,,,
2024-05-22,B100,8,Victor Hugo Rivero Muñiz,,,,,,No,,,
2024-05-22,B80,1,Victor Hugo Rivero Muñiz,,,,,,No,,,
2024-05-22,B80,2,Victor Hugo Rivero Muñiz,,,,,,No,,,
2024-05-22,B80,3,Victor Hugo Rivero Muñiz,,,,,,No,,,
2024-05-22,B80,4,Victor Hugo Rivero Muñiz,,,,,,No,,,
2024-05-22,B80,5,Victor Hugo Rivero Muñiz,,,,,,No,,,
2024-05-22,B80,6,Victor Hugo Rivero Muñiz,,,,,,No,,,
2024-05-22,B80,7,Victor Hugo Rivero Muñiz,,,,,,No,,,
2024-05-22,B80,8,Victor Hugo Rivero Muñiz,,,,,,No,,,
2024-05-22,C100,1,Victor Hugo Rivero Muñiz,,,,,,No,,,
2024-05-22,C100,2,Victor Hugo Rivero Muñiz,,,,,,No,,,
2024-05-22,C100,3,Victor Hugo Rivero Muñiz,,,,,,No,,,
2024-05-22,C100,4,Victor Hugo Rivero Muñiz,,,,,,No,,,
2024-05-22,C100,5,Victor Hugo Rivero Muñiz,,,,,,No,,,
2024-05-22,C100,6,Victor Hugo Rivero Muñiz,,,,,,No,,,
2024-05-22,C100,7,Victor Hugo Rivero Muñiz,,,,,,No,,,
2024-05-22,C100,8,Victor Hugo Rivero Muñiz,,,,,,No,,,
2024-05-22,C80,1,Victor Hugo Rivero Muñiz,,,,,,No,,,
2024-05-22,C80,2,Victor Hugo Rivero Muñiz,,,,,,No,,,
2024-05-22,C80,3,Victor Hugo Rivero Muñiz,,,,,,No,,,
2024-05-22,C80,4,Victor Hugo Rivero Muñiz,,,,,,No,,,
2024-05-22,C80,5,Victor Hugo Rivero Muñiz,,,,,,No,,,
2024-05-22,C80,6,Victor Hugo Rivero Muñiz,,,,,,No,,,
2024-05-22,C80,7,Victor Hugo Rivero Muñiz,,,,,,No,,,
2024-05-22,C80,8,Victor Hugo Rivero Muñiz,,,,,,No,,,
2024-05-22,Control,1,Victor Hugo Rivero Muñiz,,,,,,No,,,
2024-05-22,Control,2,Victor Hugo Rivero Muñiz,,,,,,No,,,
2024-05-22,Control,3,Victor Hugo Rivero Muñiz,,,,,,No,,,
2024-05-22,Control,4,Victor Hugo Rivero Muñiz,,,,,,No,,,
2024-05-22,Control,5,Victor Hugo Rivero Muñiz,,,,,,No,,,
2024-05-22,Control,6,Victor Hugo Rivero Muñiz,,,,,,No,,,
2024-05-22,Control,7,Victor Hugo Rivero Muñiz,,,,,,No,,,
2024-05-22,Control,8,Victor Hugo Rivero Muñiz,,,,,,No,,,
2024-05-23,B100,1,Victor Hugo Rivero Muñiz,,,,,,No,,,
2024-05-23,B100,2,Victor Hugo Rivero Muñiz,,,,,,No,,,
2024-05-23,B100,3,Victor Hugo Rivero Muñiz,,,,,,No,,,
2024-05-23,B100,4,Victor Hugo Rivero Muñiz,,,,,,Yes,,,
2024-05-23,B100,5,Victor Hugo Rivero Muñiz,,,,,,Yes,,,
2024-05-23,B100,6,Victor Hugo Rivero Muñiz,,,,,,No,,,
2024-05-23,B100,7,Victor Hugo Rivero Muñiz,,,,,,No,,,
2024-05-23,B100,8,Victor Hugo Rivero Muñiz,,,,,,No,,,
2024-05-23,B80,1,Victor Hugo Rivero Muñiz,,,,,,Yes,,,
2024-05-23,B80,2,Victor Hugo Rivero Muñiz,,,,,,No,,,
2024-05-23,B80,3,Victor Hugo Rivero Muñiz,,,,,,Yes,,,
2024-05-23,B80,4,Victor Hugo Rivero Muñiz,,,,,,Yes,,,
2024-05-23,B80,5,Victor Hugo Rivero Muñiz,,,,,,Yes,,,
2024-05-23,B80,6,Victor Hugo Rivero Muñiz,,,,,,Yes,,,
2024-05-23,B80,7,Victor Hugo Rivero Muñiz,,,,,,No,,,
2024-05-23,B80,8,Victor Hugo Rivero Muñiz,,,,,,No,,,
2024-05-23,C100,1,Victor Hugo Rivero Muñiz,,,,,,Yes,,,
2024-05-23,C100,2,Victor Hugo Rivero Muñiz,,,,,,Yes,,,
2024-05-23,C100,3,Victor Hugo Rivero Muñiz,,,,,,Yes,,,
2024-05-23,C100,4,Victor Hugo Rivero Muñiz,,,,,,Yes,,,
2024-05-23,C100,5,Victor Hugo Rivero Muñiz,,,,,,Yes,,,
2024-05-23,C100,6,Victor Hugo Rivero Muñiz,,,,,,Yes,,,
2024-05-23,C100,7,Victor Hugo Rivero Muñiz,,,,,,Yes,,,
2024-05-23,C100,8,Victor Hugo Rivero Muñiz,,,,,,No,,,
2024-05-23,C80,1,Victor Hugo Rivero Muñiz,,,,,,No,,,
2024-05-23,C80,2,Victor Hugo Rivero Muñiz,,,,,,Yes,,,
2024-05-23,C80,3,Victor Hugo Rivero Muñiz,,,,,,Yes,,,
2024-05-23,C80,4,Victor Hugo Rivero Muñiz,,,,,,Yes,,,
2024-05-23,C80,5,Victor Hugo Rivero Muñiz,,,,,,Yes,,,
2024-05-23,C80,6,Victor Hugo Rivero Muñiz,,,,,,Yes,,,
2024-05-23,C80,7,Victor Hugo Rivero Muñiz,,,,,,Yes,,,
2024-05-23,C80,8,Victor Hugo Rivero Muñiz,,,,,,Yes,,,
2024-05-23,Control,1,Victor Hugo Rivero Muñiz,,,,,,No,,,
2024-05-23,Control,2,Victor Hugo Rivero Muñiz,,,,,,No,,,
2024-05-23,Control,3,Victor Hugo Rivero Muñiz,,,,,,No,,,
2024-05-23,Control,4,Victor Hugo Rivero Muñiz,,,,,,No,,,
2024-05-23,Control,5,Victor Hugo Rivero Muñiz,,,,,,No,,,
2024-05-23,Control,6,Victor Hugo Rivero Muñiz,,,,,,No,,,
2024-05-23,Control,7,Victor Hugo Rivero Muñiz,,,,,,No,,,
2024-05-23,Control,8,Victor Hugo Rivero Muñiz,,,,,,No,,,
2024-05-24,B100,1,Victor Hugo Rivero Muñiz,,,,,,No,,,
2024-05-24,B100,2,Victor Hugo Rivero Muñiz,,,,,,No,,,
2024-05-24,B100,3,Victor Hugo Rivero Muñiz,,,,,,No,,,
2024-05-24,B100,4,Victor Hugo Rivero Muñiz,,,,,,Yes,,,
2024-05-24,B100,5,Victor Hugo Rivero Muñiz,,,,,,No,,,
2024-05-24,B100,6,Victor Hugo Rivero Muñiz,,,,,,Yes,,,
2024-05-24,B100,7,Victor Hugo Rivero Muñiz,,,,,,Yes,,,
2024-05-24,B100,8,Victor Hugo Rivero Muñiz,,,,,,Yes,,,
2024-05-24,B80,1,Victor Hugo Rivero Muñiz,,,,,,Yes,,,
2024-05-24,B80,2,Victor Hugo Rivero Muñiz,,,,,,Yes,,,
2024-05-24,B80,3,Victor Hugo Rivero Muñiz,,,,,,Yes,,,
2024-05-24,B80,4,Victor Hugo Rivero Muñiz,,,,,,Yes,,,
2024-05-24,B80,5,Victor Hugo Rivero Muñiz,,,,,,Yes,,,
2024-05-24,B80,6,Victor Hugo Rivero Muñiz,,,,,,No,,,
2024-05-24,B80,7,Victor Hugo Rivero Muñiz,,,,,,No,,,
2024-05-24,B80,8,Victor Hugo Rivero Muñiz,,,,,,No,,,
2024-05-24,C100,1,Victor Hugo Rivero Muñiz,,,,,,Yes,,,
2024-05-24,C100,2,Victor Hugo Rivero Muñiz,,,,,,Yes,,,
2024-05-24,C100,3,Victor Hugo Rivero Muñiz,,,,,,Yes,,,
2024-05-24,C100,4,Victor Hugo Rivero Muñiz,,,,,,Yes,,,
2024-05-24,C100,5,Victor Hugo Rivero Muñiz,,,,,,Yes,,,
2024-05-24,C100,6,Victor Hugo Rivero Muñiz,,,,,,Yes,,,
2024-05-24,C100,7,Victor Hugo Rivero Muñiz,,,,,,Yes,,,
2024-05-24,C100,8,Victor Hugo Rivero Muñiz,,,,,,No,,,
2024-05-24,C80,1,Victor Hugo Rivero Muñiz,,,,,,No,,,
2024-05-24,C80,2,Victor Hugo Rivero Muñiz,,,,,,Yes,,,
2024-05-24,C80,3,Victor Hugo Rivero Muñiz,,,,,,Yes,,,
2024-05-24,C80,4,Victor Hugo Rivero Muñiz,,,,,,Yes,,,
2024-05-24,C80,5,Victor Hugo Rivero Muñiz,,,,,,Yes,,,
2024-05-24,C80,6,Victor Hugo Rivero Muñiz,,,,,,Yes,,,
2024-05-24,C80,7,Victor Hugo Rivero Muñiz,,,,,,No,,,
2024-05-24,C80,8,Victor Hugo Rivero Muñiz,,,,,,Yes,,,
2024-05-24,Control,1,Victor Hugo Rivero Muñiz,,,,,,No,,,
2024-05-24,Control,2,Victor Hugo Rivero Muñiz,,,,,,No,,,
2024-05-24,Control,3,Victor Hugo Rivero Muñiz,,,,,,No,,,
2024-05-24,Control,4,Victor Hugo Rivero Muñiz,,,,,,No,,,
2024-05-24,Control,5,Victor Hugo Rivero Muñiz,,,,,,No,,,
2024-05-24,Control,6,Victor Hugo Rivero Muñiz,,,,,,No,,,
2024-05-24,Control,7,Victor Hugo Rivero Muñiz,,,,,,No,,,
2024-05-24,Control,8,Victor Hugo Rivero Muñiz,,,,,,No,,,
2024-05-25,B100,1,Victor Hugo Rivero Muñiz,12.11,0.21,24.1,90,8eba45,No,Medium,Yes,Manchas blancas
2024-05-25,B100,2,Victor Hugo Rivero Muñiz,13.23,0.2,23.35,92,8bb839,No,Medium,Yes,manchas blancas
2024-05-25,B100,3,Victor Hugo Rivero Muñiz,14.36,0.25,25.44,90,97bf42,No,Good,No,
2024-05-25,B100,4,Victor Hugo Rivero Muñiz,13,0.2,22.31,90,8cbb4,No,Good,No,
2024-05-25,B100,5,Victor Hugo Rivero Muñiz,11.36,0.26,19.25,88,a6cf4a,No,Medium,Yes,Manchas blancas
2024-05-25,B100,6,Victor Hugo Rivero Muñiz,11.49,0.21,17.34,94,95ba5f,No,Good,No,
2024-05-25,B100,7,Victor Hugo Rivero Muñiz,11.32,0.2,22.21,90,a2cc63,No,Medium,Yes,Manchas blancas
2024-05-25,B100,8,Victor Hugo Rivero Muñiz,12.82,0.17,21.1,88,92bd5b,No,Good,No,
2024-05-25,B80,1,Victor Hugo Rivero Muñiz,11.52,0.17,16.98,84,9ac63f,No,Medium,Yes,manchas blancas y rojas
2024-05-25,B80,2,Victor Hugo Rivero Muñiz,13.18,0.18,18.79,88,9cce2b,No,Medium,Yes,manchas negras y blancas
2024-05-25,B80,3,Victor Hugo Rivero Muñiz,11.05,0.18,16.14,84,aed749,No,Medium,Yes,mancahs negras y blancas
2024-05-25,B80,4,Victor Hugo Rivero Muñiz,9.97,0.16,10.92,84,99be2a,No,Good,No,
2024-05-25,B80,5,Victor Hugo Rivero Muñiz,10.56,0.17,17.54,88,9fc620,No,Good,Yes,Manchas blancas
2024-05-25,B80,6,Victor Hugo Rivero Muñiz,8.38,0.16,15.81,86,84af0,No,Good,No,
2024-05-25,B80,7,Victor Hugo Rivero Muñiz,9.46,0.18,15.38,90,b0e04f,No,Good,No,
2024-05-25,B80,8,Victor Hugo Rivero Muñiz,10.16,0.19,16.76,80,a9d657,No,Good,No,
2024-05-25,C100,1,Victor Hugo Rivero Muñiz,13.7,0.26,22.06,86,9dc95e,No,Good,No,
2024-05-25,C100,2,Victor Hugo Rivero Muñiz,14.75,0.18,21.82,92,a5d05f,No,Good,No,
2024-05-25,C100,3,Victor Hugo Rivero Muñiz,14.64,0.22,26.15,96,8bb54f,No,Medium,Yes,Manchas blancas y rojas
2024-05-25,C100,4,Victor Hugo Rivero Muñiz,11.5,0.16,16.55,88,b0d671,No,Good,No,
2024-05-25,C100,5,Victor Hugo Rivero Muñiz,12.2,0.22,21.18,90,9fca74,No,Medium,Yes,Manchas rojas y heridas fisicas
2024-05-25,C100,6,Victor Hugo Rivero Muñiz,12.13,0.22,17.45,92,94c149,No,Good,No,
2024-05-25,C100,7,Victor Hugo Rivero Muñiz,13.38,0.17,25.26,94,8fb054,No,Medium,Yes,Manchas blancas
2024-05-25,C100,8,Victor Hugo Rivero Muñiz,12.39,0.18,18.87,92,7aaa3f,No,Medium,Yes,Manchas blancas y heridas fisicas
2024-05-25,C80,1,Victor Hugo Rivero Muñiz,10.7,0.2,18.49,90,87b220,No,Medium,Yes,Manchas blancas
2024-05-25,C80,2,Victor Hugo Rivero Muñiz,12,0.19,21.63,84,9dc05b,No,Medium,Yes,Manchas blancas
2024-05-25,C80,3,Victor Hugo Rivero Muñiz,10.26,0.18,19.5,80,a1cc46,No,Medium,Yes,Manchas rojas
2024-05-25,C80,4,Victor Hugo Rivero Muñiz,11.63,0.21,15.63,86,a3d176,No,Good,No,
2024-05-25,C80,5,Victor Hugo Rivero Muñiz,12.08,0.19,13.63,90,aad174,No,Good,No,
2024-05-25,C80,6,Victor Hugo Rivero Muñiz,10.46,0.19,17.83,84,82ae48,No,Good,No,
2024-05-25,C80,7,Victor Hugo Rivero Muñiz,10.7,0.19,15.32,80,82a95a,No,Medium,Yes,manchas rojas y heridas fisicas
2024-05-25,C80,8,Victor Hugo Rivero Muñiz,11.11,0.2,19.08,88,7ea84b,No,Medium,Yes,manchas rojas y heridas fisicas
2024-05-25,Control,1,Victor Hugo Rivero Muñiz,8.16,0.15,8.14,60,d0e034,No,Medium,Yes,"Clorosis, Manchas negras y rojas"
2024-05-25,Control,2,Victor Hugo Rivero Muñiz,8.69,0.16,8.18,66,c8d918,No,Medium,Yes,"Clorosis, manchas negras"
2024-05-25,Control,3,Victor Hugo Rivero Muñiz,9.86,0.15,16.12,64,bbd10,No,Medium,No,Clorosis
2024-05-25,Control,4,Victor Hugo Rivero Muñiz,7.03,0.15,7.94,60,cbdda,No,Medium,No,Clorosis
2024-05-25,Control,5,Victor Hugo Rivero Muñiz,9.37,0.15,10.07,68,b7d00,No,Medium,No,Clorosis
2024-05-25,Control,6,Victor Hugo Rivero Muñiz,9.09,0.17,9.33,66,b6d70,No,Medium,No,Clorosis
2024-05-25,Control,7,Victor Hugo Rivero Muñiz,7.87,0.15,7.62,64,acda66,No,Medium,No,Clorosis
2024-05-25,Control,8,Victor Hugo Rivero Muñiz,8.88,0.16,11.99,68,ade267,No,Medium,No,Clorosis